User-ID,ISBN,Book-Rating
38781,0373259131,0
128835,0811805905,8
261829,037324486X,0
247747,0531303306,0
74076,0316812404,0
30273,0312072376,0
12110,0743431014,6
189973,0515129283,0
13690,8485224574,6
98391,006000181X,8
2276,0345296052,0
107784,076422185X,6
228764,0758201583,0
36003,0060958022,0
12122,1740590120,7
76352,0425137457,0
227054,0425179532,5
14201,038548951X,8
241214,0440210925,0
265784,0440106079,8
64316,0099422042,0
139913,0786886463,7
36836,0688151981,0
269337,0679310452,6
159390,3502512515,0
29519,9136028347,6
113904,0671666274,0
35859,0808514075,0
141109,0688050336,0
230522,0590995111,0
251844,0192838423,10
127114,0875428916,5
246655,0671556843,0
258874,0747245053,0
176950,0441006515,0
63545,0440242002,6
6532,0449220605,8
69042,0553569783,0
170518,0373059043,0
137589,0892861428,0
236283,0440225299,0
21576,0345382919,0
190925,0312974256,0
86093,0142001740,0
211344,0441445241,0
91266,0380709910,0
40559,0670030724,8
13915,0060589272,0
247905,067972902X,0
274423,0553568019,0
23768,0820321451,0
53628,2070422364,8
152036,0373123930,0
26544,0425165108,0
49144,8425334152,8
14357,0310501016,7
247752,0553564528,10
138602,0553253204,0
55136,0140137327,8
190925,0312979088,0
76352,0380400480,0
191187,0940535971,0
69232,0380818337,0
278418,0373256078,0
126585,0060928336,9
48046,0553579754,8
247447,0671702505,9
39467,8433920393,7
224997,0440214041,8
200226,034543353X,0
51440,0446350109,0
137010,0330274864,9
188796,0684801221,10
166596,0156576813,0
135831,0698119185,7
129358,0373631820,0
180348,0843934026,0
240035,0425140032,0
268330,0425155064,0
212923,0671690582,0
251890,0441102670,0
126296,0770423345,0
217247,5264003645,6
266226,0451202724,0
83467,1581340753,0
159033,0449001016,0
44842,0316969443,0
11676,8807813025,9
160681,0446601977,0
160410,3499233096,0
269566,0440226430,0
1424,0767903862,0
172507,0486256642,8
68249,068486360X,9
250609,0345351525,8
6703,848538864X,0
33974,282541154X,0
52199,055328942X,0
234683,0099502704,0
27425,0679419144,0
62895,1853260622,10
206300,0140620915,0
223607,080410946X,0
8681,0140143491,0
150814,0440236053,0
143253,0671028014,0
246617,0224044338,0
182085,1551669307,0
35144,0743204115,4
213316,0684837889,0
254498,8844204703,0
238864,074324480X,0
227764,0671879723,0
198711,0816711968,0
130654,0440237424,7
258160,0345404114,0
158226,1401201008,7
207349,0515122491,0
193560,0571167373,0
20201,0373097158,0
270906,0688156134,7
95316,0771065086,7
234623,0064470393,0
236340,0425100650,0
73548,0394559592,9
98391,1551666863,8
232131,0345333756,0
202358,0393316491,8
47819,3404142497,0
110934,0446612545,0
138543,0064407683,7
265595,0670863920,0
237001,0743435257,0
238864,0140276300,10
143809,0380789019,9
88122,0345448847,0
25105,0380817691,0
82926,0451144287,0
49109,0425189031,0
28735,0312971230,0
93047,0765341964,0
17950,0380804174,0
253626,0312422164,8
217375,0505524279,0
217375,0312303467,0
135879,0060936231,0
123981,0425104311,7
18401,1551665107,0
12538,0451208641,0
32195,0446608653,0
254971,0425171884,0
143175,0848716868,7
12657,3404241134,6
164096,848300724X,0
105517,0425097722,0
234828,055325698X,7
190708,067182211X,0
200862,0553107054,5
115777,8420430927,7
214841,904140500,0
189115,0451203895,0
127429,0553289586,0
235392,0425098648,8
202564,1853260266,0
137589,039447970X,0
150124,0971880107,0
269397,0140291806,9
98391,0756402182,10
55492,0671039164,0
213350,0140080775,0
35859,0399131868,0
234614,0671458639,0
179978,0749319135,10
11993,0064471098,8
211841,0875421814,0
105979,0060976926,9
49314,0446604801,8
55492,0515101230,0
20871,8804481943,0
72785,0385420161,0
55492,0452281903,0
164926,066410097X,8
276018,3293200540,0
89869,0553485237,0
198711,0385140406,0
179288,070476217,9
236283,0671741187,9
204124,9813068930,8
60337,0525941673,9
126803,0425182010,10
16916,0517593335,0
173415,0312278586,0
7325,0671739670,0
147847,0812550862,0
166123,0886777097,0
252848,1551662841,0
147847,0671867172,0
24641,0930603486,0
235105,0312308019,4
119575,0345422384,6
43246,0312421125,0
11601,0671463195,0
225727,0425127583,8
212986,0671578286,9
172030,0440473098,0
169233,0892967080,0
173835,0385469624,0
53174,0345314255,0
208829,0307215962,0
148806,0151006040,5
102275,0553560441,0
156971,2080680196,0
188010,0399129723,0
231210,0679455116,0
204591,0553569910,7
60244,0373167539,0
194957,0821717030,0
217121,0385484011,0
278852,0449907597,8
125779,0515109746,0
30511,0679448594,0
199491,0553582747,0
113955,0425164179,8
47118,0345312058,0
94923,0312858116,0
86202,0312981260,0
218736,088982066X,10
73394,0312963211,0
239584,1580050883,0
55492,0679745203,0
267418,3499232642,10
31987,0060915153,0
182987,8401014603,0
9502,0451176464,8
236283,0451148029,0
212898,0064405141,0
164675,0140133488,0
129358,0373710941,0
187520,0140290737,0
102647,0061094129,8
183995,0060142677,0
114444,0451170113,8
36836,048628753X,0
173632,3453356209,0
32329,037303346X,0
248008,0151006539,7
55197,0553380834,7
183887,0312977557,0
227705,0671435337,0
172941,9026973691,0
244955,0061000019,0
149908,1585673080,0
156798,0060930535,0
161752,0553575104,0
140510,0743432746,0
207226,8437605679,7
148744,0553292722,0
98391,0399148787,9
43698,0679781552,8
63278,0007117515,0
39646,0743206029,0
118135,9726116309,0
94347,0380973545,0
236038,0725514043,0
265115,0140178406,0
142041,0590418211,0
4591,0446611239,7
62862,0805019669,0
170513,0060987324,8
229707,0425186865,10
16488,0761507930,0
183722,0064432386,10
142524,0521305519,0
97754,038550344,7
264321,0970816308,0
244736,0671510053,0
78783,0446321095,0
149512,0385483732,0
150291,3518376764,0
190925,0821740601,0
242310,1551666839,0
16916,0451527127,0
204864,0393034445,0
182781,0425172546,6
119248,0590629816,0
49661,0765342308,0
12154,0316781266,8
80810,067153615X,8
93426,0312274920,0
56447,0816711844,0
252846,0804802262,0
212898,1556614012,0
7107,0714530387,10
114368,0425155188,5
173990,3928430017,10
85587,0553569910,8
135045,0446604275,0
43309,0792234278,0
76460,0385499345,0
35859,0590997327,0
226545,1551664615,0
60277,0486281965,0
143134,0684836491,0
216386,0452283027,0
172760,0517415283,6
250794,0385241844,0
23768,0684849534,0
199131,1857022424,0
114368,0385508042,0
56447,0821730770,0
238120,0449908623,0
98391,1590580176,9
37420,0425141233,5
198711,0385295944,0
52199,0553294083,0
242824,055329315X,0
171065,1586603884,9
220861,0140346252,0
247201,0060523387,6
38933,0446673544,6
170184,0141014628,0
61910,0553579754,10
203240,0439544165,0
89307,0553263978,0
173343,0451457633,0
133567,340410224X,0
212898,0671435876,0
233911,0812501810,0
129851,067974424X,0
170229,067082416X,0
2276,0671808427,0
234623,0515110396,0
12272,0140621415,0
67663,0060975547,0
254971,0671001167,0
160032,3423123028,0
144531,0671775499,0
269566,0688086985,0
231374,0749395508,0
133935,0393320979,0
160401,0440417953,5
214641,0671027360,8
131046,0671619381,0
124489,0312265778,0
136747,0425143341,8
114446,0552146153,7
60244,0553345214,0
219065,0375700757,8
78783,0843935588,0
98741,0758202253,0
203968,0307100022,0
107456,0446606812,0
237713,080505622X,0
269198,0312182015,8
80397,0552996009,5
251050,0380973421,7
238096,0515127833,8
90137,0385472943,0
188772,0671679430,7
140576,0373033443,6
252846,0460873598,9
212898,0373288859,0
182775,0074622455,0
63714,0500300569,9
113908,0804101515,0
76352,0440176115,0
265313,0425109240,0
23902,0864113048,7
116552,0743418174,0
52584,0515053503,0
88946,0553569031,0
224525,0141314818,10
189334,0312198256,0
28177,014015275X,1
230708,0590629786,5
110934,0439064864,9
107784,0449203190,5
67663,0684809133,0
231159,0316607630,0
268932,0590673181,5
238541,0385322216,0
218569,0671769316,0
270522,0375412824,6
232131,0670836990,0
160558,0553256920,10
77940,0373075006,0
153662,0670894508,0
134797,0842329218,10
171118,0747238405,8
69042,0380757788,0
230522,0307155072,8
238526,0425145638,0
89891,9686225066,6
208622,0141306556,0
11847,0061064866,8
103304,0451151259,0
153361,0449128725,0
60244,0446692298,0
176658,0747536708,0
52853,1575660504,0
52584,0373245009,0
164492,0316693006,7
268030,0449910709,0
252113,0671822209,0
10030,0449134482,0
143415,0684857820,0
134692,20020001,5
876,0345310292,0
112026,014028009X,0
247241,0778320375,0
129358,1551666766,0
28709,0316569321,8
138298,0451169557,0
198046,0425176932,0
250359,0812550757,0
94314,0060535148,0
63714,0721409423,9
59172,0451166302,10
142017,0425081818,5
16090,0425185710,7
13104,0553572210,6
128442,3653256259,0
269728,0732258782,7
78777,0809237628,6
149647,848109322X,7
32440,0452282829,0
266865,0525946578,0
6866,0380812037,0
21014,0345337662,0
49028,0871401703,6
79687,3453305248,0
169027,0764222937,0
198711,0590437208,0
178035,0099129108,0
98297,9518751021,0
124474,0440181275,0
59117,0821761129,6
35874,0553288733,0
98391,0743258770,9
249187,0816148155,0
198711,0671462725,0
36606,0307987698,0
123430,082177462X,0
174726,0380865610,0
108321,8484501833,0
16916,0380718340,0
56856,0440213134,0
58156,031226416X,8
43698,0874772362,0
171471,0887309100,0
117873,1400030641,8
237268,0786843195,6
236757,0786003146,0
54206,1582342644,8
23631,0373105495,0
91937,0395636264,5
271659,0373484909,8
150124,0399147837,0
224944,0743476239,0
228764,0843944803,0
111578,0525945636,0
97620,0864423330,0
127233,0312187459,0
108155,1556612931,0
173415,0345298349,0
37293,0671042858,4
98758,0312286600,7
153797,0451170385,0
14374,0385486804,0
206534,0375501681,0
268292,044508376X,8
79958,0345440765,6
94787,0743405862,0
157273,0451405366,0
62582,0451209109,0
93025,059035342X,7
212411,0316154059,0
78783,0553273299,0
205280,1551669161,4
81682,0375703063,5
198711,0590527924,0
111947,0553266578,0
55019,0345436911,0
143175,0061004251,0
271284,0671733893,0
254064,0385334036,0
76352,0312926294,0
274308,044990928X,0
162155,0395891701,0
93085,0971880107,0
11676,1853714402,0
147141,0452271770,0
124692,0969042507,0
237175,0515103292,0
111358,0399147195,7
170229,0679411658,0
222614,0375726403,0
81227,0786867647,0
201526,0590134701,0
182117,0441005748,10
173632,3826640802,0
93085,0671656821,0
6575,0890877033,7
30487,0375758453,0
170530,0778800180,8
147649,2844050441,9
238889,0061013447,10
175329,0679756973,0
174683,1560523018,0
62895,0689837070,0
238781,0821717146,0
6575,0449209105,8
19038,0787116807,0
247978,3473386391,0
69697,0373790384,0
230496,0345348036,0
274220,326800105X,0
254465,0821742590,0
160077,0380731819,8
198711,0590477412,0
110029,1562920979,0
175886,0553280643,0
259288,0553295284,7
121988,0425046125,7
104399,0590417967,10
38023,1557043671,0
28993,056355150x,8
3816,8887291608,8
45918,0140620109,0
217895,0440202507,0
108404,3492233651,9
268618,1881394204,0
209087,0446670251,0
188498,0440944597,0
172742,0786860960,0
258152,0330313746,0
201674,0312983646,0
31826,0895658194,10
100906,0393974871,10
251362,0394825136,10
170634,1558746099,10
102967,0671670913,0
88733,0380973820,0
30276,0440217563,7
76352,1575668238,0
160413,383217866X,0
133819,184115783X,9
153718,0515134449,8
110746,0553279912,0
114988,0892966203,7
5903,0860685179,0
36606,089529737X,0
35857,0060508302,0
142256,0895657252,0
31315,1575668807,0
24767,0028619463,8
128835,0671878867,7
235105,0897212738,0
262399,0345413881,0
232131,1883319080,0
149084,0375401598,0
76942,0061099279,0
257204,0671698095,0
104636,0440217466,0
17761,0786889349,0
212645,0965064255,0
170518,0671439162,0
33826,0375810684,7
246617,0451186623,0
170192,3880224250,0
242157,0684853310,0
278418,0440224810,0
274061,0843952032,0
73044,0345435338,10
30533,0515115029,0
189373,3453197054,7
167509,0330370529,5
160541,0140293353,9
88677,0553576003,7
216012,0743216490,7
250523,0385485107,7
38956,0842304746,7
198711,0060269898,0
100223,0340401486,0
11645,0451202902,5
207152,0836221192,7
189558,0380717018,8
37950,0887307876,0
159455,0915957671,0
169192,0812036875,10
35859,0070212570,10
93672,0671776134,8
17761,0449227421,3
17726,044990508X,7
180754,059013695X,0
30889,0590673203,0
156150,0440235952,0
177374,051511927X,8
256251,0394935632,0
205145,0553212710,5
231827,0671042858,10
72204,039914465X,2
24283,357012701X,9
189323,SBN57106440X,0
94853,0722111797,8
141210,351810392X,0
97598,0586044345,0
243686,0060198133,0
266522,0600596532,0
139742,0425120279,0
238699,0373195508,0
262391,0380432811,10
206475,3442434688,6
217681,0380804891,7
160412,3546003470,0
71712,0915099209,0
192093,0425122727,0
167800,0373289154,0
42458,0451204891,0
242824,0590568922,0
149661,0380712091,0
63595,1551666928,0
93562,0553578022,7
47856,1552781844,0
6789,067976268X,0
217121,0752530712,5
273912,0812534077,0
93735,0375415351,7
227447,0671567993,0
126296,0765307103,8
216760,0425174484,8
271284,0451170121,0
257204,0451151445,0
52352,0671436546,9
218747,0571201474,10
130571,0486282015,0
259199,0533296466,0
147141,0553298046,0
37311,0929398157,0
254241,0446343870,0
123867,0553576798,0
108773,0582289882,0
258938,0446691798,3
139221,0609807226,10
169859,0586215247,8
117539,0064632539,0
205473,0671036505,0
32412,0385420161,10
269890,0451404823,0
86123,0761506527,0
69971,0395082544,10
98707,3257211848,0
162639,0440213282,0
51350,0060928336,0
151824,0440180953,9
64439,8848102433,4
255489,038542471X,0
59172,0515131229,8
130474,0440226430,0
199772,0805057676,8
107784,084394532X,0
232131,0449217183,8
257021,1580628362,10
247726,038529929X,3
242098,0385265700,10
158254,0452282152,0
175559,0684860015,0
247240,0582642655,9
11676,8879839977,6
206762,0312955006,8
163759,0373240104,6
11149,0006550576,8
125774,0440222028,9
190807,0373225407,0
2769,8845911632,10
115490,0486424499,0
225763,0898154391,5
175100,0451138937,5
198711,084314128X,0
164675,0025424009,8
7346,0373261071,0
161511,0810940027,8
69355,0553117467,8
69232,0385304900,9
7158,031213150X,8
169766,044041508X,5
224122,0140271805,0
214890,034055830X,0
25601,0679721274,10
11676,0060192119,10
20745,345307369X,0
91113,0786889004,7
269719,0425081087,0
214809,8804507454,9
198699,0060929383,0
184195,0671510053,6
127204,1881273156,8
56399,0439064864,0
241100,0446601616,7
202462,0671027360,8
278418,0816726116,0
35050,037323998X,0
177072,0553579525,0
116223,0060187468,0
269157,0345342615,0
149069,0440206146,0
145916,11254041,7
30276,0399138153,0
142524,0425144062,9
81128,0771014899,0
122506,0399148620,0
48046,0312263120,0
214485,0747563209,10
228998,0515129704,0
206534,0312986319,8
78841,0316899984,0
86231,8878186716,7
127800,1555971962,10
26535,0821772902,5
88733,0816030359,9
262014,0316107352,0
78229,0385498802,9
234623,1566197767,0
164905,0373031068,5
148282,0553153277,8
212965,0671744216,5
221495,0679733736,10
66942,0831796197,0
262208,0590350072,0
153662,0440227259,0
104880,0375405445,8
252903,0140707123,5
40553,0553246895,0
267326,0440224764,9
21364,068483670X,3
223607,0886777666,0
100644,0515129704,6
224997,0440221595,8
129358,0505522977,0
187512,3257203659,7
253629,0345447840,5
91184,0385196156,8
56447,1560545275,0
249628,0553296981,0
105517,185326895X,7
187170,0440235502,0
8782,1551053020,5
11676,039591910X,8
152249,0440165121,0
263877,0676970753,7
35859,0445406518,0
70666,0553211765,4
143163,0679414495,0
29209,0452284449,5
92681,0910367531,4
163570,0449210928,10
64524,0887483968,10
32195,1573181218,0
135265,0758205511,0
61612,0375704043,0
224525,0875420222,10
113951,0679764119,5
85944,0790001799,0
193632,0689857705,8
83156,0971880107,0
19022,0373055552,0
174304,0465091296,0
35277,0553582143,3
218197,3548256007,0
125692,0380507730,0
24167,0590037145,0
226545,0380753022,0
142540,0099163926,6
196077,0345425308,0
250405,0671028375,0
225986,0006167632,0
914,379411664X,0
235105,1558743316,0
189115,0425171078,0
240100,880430278X,0
16190,0553295608,9
232131,0060927542,0
278418,0394831292,0
257450,1586481045,0
67775,0373790422,7
66385,0440224659,0
58389,0345380096,0
163600,0743452925,5
23595,0375500510,8
255092,0020178557,0
68478,0451622103,0
108285,0671025333,0
130474,0451406222,0
56271,0747522669,0
35050,1882467159,0
58224,0312995466,0
127429,0723234728,0
242646,034541389X,0
277378,0140089128,0
123608,0486296024,6
251613,0553280414,0
19711,0440212200,0
240484,0440236053,8
2688,3518383620,0
196077,0446672211,0
20062,3453003128,0
100906,0394711556,0
107951,0935696008,8
11676,1576736997,6
250359,0352332573,0
215006,0385504209,9
208788,0553272500,0
11676,3404136799,0
11462,0771087918,9
225087,0679425136,0
55548,0345336895,0
25895,0971880107,0
274061,0373029802,0
76352,0743456181,0
230496,0679463070,0
60244,0028604385,0
168047,0312862334,10
120093,0886776481,5
62582,0671023616,8
225232,0732910978,0
39281,0671210742,0
7158,0843953144,0
1129,0618045996,0
193499,0061031321,0
93092,0671444980,10
56399,1561840033,10
140291,3499221349,9
93116,0671003755,8
225763,1562614606,5
265313,0345357019,0
247890,0890964041,0
258413,3811801058,0
177090,1551664852,0
93047,0375706682,0
170595,0812521021,0
67403,0553573136,0
41841,0671893122,0
265115,0312970056,5
226361,0517702967,10
97945,0684804212,0
29855,0884042693,0
92132,0553560956,10
98356,0394502949,0
234623,0590149288,0
232131,0671660578,0
246820,0399145079,8
241093,0446608815,8
246311,0553212087,0
238781,1576732371,0
125779,0451207556,0
159137,156924748X,0
267635,0385304366,8
95261,0451162145,0
230522,0312977379,0
229551,0373250398,0
274004,0880015829,0
213350,1858281385,0
136908,0885020292X,6
72992,207039395X,0
146113,0345367359,0
200315,0942024001,0
22625,0333677676,0
40943,0553264206,0
197232,2253153427,0
138995,043936213x,10
249658,0552151769,7
46398,0813518121,5
101620,0373240716,9
254502,026466339X,9
258151,051511264X,0
16795,0448400901,5
269566,0380418975,0
88677,067152626X,8
99641,0394839250,0
242006,0373029438,0
135460,1570613818,5
95902,8433908804,7
180860,0446343552,7
61165,0812550773,0
77128,0425182878,8
151002,0451203070,9
155989,0440220793,0
78448,055326351X,7
106280,0807070920,5
161936,0937539481,0
231416,157322529,0
236340,0066214483,10
98758,0425138577,0
185771,0553158589,0
187145,0765300273,0
71261,0316969680,0
115003,0802139256,8
61619,0345327780,0
26898,8476729375,10
195694,158234146X,0
171422,42605055X,0
53456,038533348X,0
141901,0786867175,0
189688,006109868X,7
8245,0062701649,0
276939,2878580753,10
162473,0345391055,0
11676,037570633X,10
37546,848130073X,0
145619,0395859972,0
11676,8820023385,0
14958,8440637969,7
90277,2702495524,0
223087,0451197550,0
234623,055309971X,0
226987,0312253435,8
36907,0060973617,10
179733,0679826424,0
53614,0671042858,0
127826,0316340944,0
276275,0743423801,5
25436,2020058863,8
271195,0345435257,7
238568,0679781587,8
177635,0140302050,0
167349,0440200989,0
170518,0553583549,0
196457,006016848X,7
184299,0671873202,0
144162,0380389274,0
114444,0824953320,0
196352,0805063897,0
203163,0446603503,4
247447,1558746226,0
19638,0201517205,0
24835,0142002593,0
223034,0156372118,8
236668,0141301104,10
55763,0679402977525,0
252695,0786703474,8
165319,044100492X,0
33656,1576734110,5
250645,0446608653,0
200674,0312956789,0
184299,0312169078,0
205735,0448095521,0
127233,0307117138,0
102110,0312924585,9
143175,0440134765,0
116599,0373709455,0
37644,0064400581,0
37950,0345440021,0
233656,078686317X,0
231857,1857978684,0
252045,0061010251,0
126697,020527692X,0
250105,0316290238,0
136348,0515133302,0
107784,038532362X,5
242639,0449300277,0
208271,0142302082,9
31005,842042174X,0
139467,0440169127,0
35857,0446343129,0
234765,0971880107,0
87690,0911119744,0
98391,0451210654,9
51386,0696011409,0
241346,0375406557,5
238864,0340610557,0
217986,0385312105,0
140000,0330344994,0
31846,0671787187,0
52175,0684801051,6
156502,8432932019,0
159033,0679444815,10
50860,0151002762,0
216705,9722110195,7
111538,880432094X,7
170158,2266030213,3
130474,0345360982,0
203240,0670030643,0
216546,0451525663,5
110973,0896860744,0
52894,0671656457,0
264321,0553285815,0
124310,1556523092,8
269009,0340742496,0
171542,3257062265,0
193898,0380817632,6
171118,0894950525,8
59820,0786830190,0
116466,0375707972,0
77306,0440235162,8
243294,0684803968,9
160558,0553289411,6
127779,0505524333,0
253821,0446601241,0
277230,037541309X,7
151806,0140367411,0
151702,0064408620,0
270084,0440213029,5
135149,0060740450,8
76957,0060163100,5
12569,0140118470,10
114368,0385336306,5
271538,0671870807,0
98741,031228554X,0
140863,315000067X,3
168545,0061097667,0
143415,0060925981,0
123867,0399144463,0
49144,8474619025,8
32300,0061065765,8
97122,006515683,6
187613,0451153553,0
123625,0752825127,0
17190,1551666480,0
81120,3442350603,0
102398,0440495563,6
13273,0393317552,0
133418,0553560735,0
278418,0373707347,0
3605,0451147367,5
100578,0140431403,0
61798,0670805149,9
73196,0446607223,0
153662,042517428X,10
184392,0394832876,5
245827,0310257123,0
165232,0446608726,0
108285,0671727796,9
241432,3896672282,8
278418,0345428919,0
177319,1575661071,9
190459,0399144315,0
127129,0743411250,0
175003,0446604658,0
55187,0451524829,0
209756,0425134717,0
63033,0375700757,0
23038,0684833395,0
252848,038079828X,0
52805,0440224713,0
114078,9056373749,7
212898,0373614608,0
55734,044023722X,0
20172,0440952522,10
74691,055337933X,8
49889,0440119006,0
238961,0671743481,10
107301,074726693X,0
13082,0690040784,0
268030,1582431434,9
227814,0373289677,0
242824,1551666308,0
155147,0393009688,8
228372,0874774764,9
72451,1899606157,0
224340,0684815451,0
206202,0060256710,10
160412,387024674X,0
235384,0782121292,7
155769,8420646199,8
277203,0717283208,8
6242,077106800X,7
193798,0345444388,0
69697,0505523752,10
146699,0440224764,5
146709,0312171951,0
183277,0394718526,0
42914,0553213172,0
232036,1551665972,8
237411,0679404775,8
61667,0755325176,0
156971,2253016950,0
278846,0060809833,8
198711,0373056966,0
217874,379511733X,6
6543,1582343187,0
130474,0486244938,0
137137,0425144429,9
138097,0061052477,0
231210,055324454X,0
122216,0440236673,0
177458,0312972849,8
154927,0385040202,0
130571,0670894915,0
229329,014003820.5,10
107453,0671039970,0
254465,0449006530,0
99193,0743403614,7
74287,B00018U9FW,10
100459,0874776945,8
174830,0023470801,5
18310,0446678457,0
98758,1562827545,8
31229,0140622179,7
129929,0440204925,0
82673,0345378482,7
252827,0563387572,0
132373,0060934417,0
183090,0517703939,0
229329,0689114834,8
160681,0671434225,10
90616,0375431292,8
41347,O97188O1O7,0
28360,0590476769,10
195374,0131605232,0
86419,0671026011,0
247582,0553574779,8
225565,0684845067,0
231252,0385314388,0
138844,0836270061,7
22625,0385721420,0
221510,0671670689,7
57006,0553574183,0
1211,0843110589,0
29743,1881830004,0
244662,0061020710,7
82926,0446805580,0
123867,0446527033,8
11676,0451191013,6
124259,0452280397,0
183995,0688033865,0
125287,0679745793,0
268030,1570719357,5
158295,0684195984,7
38781,0515121746,0
10497,9074336329,0
46222,0879100281,0
126736,0373483546,0
196160,1591823781,4
78074,0152022341,8
244139,3442452368,0
1025,0330301691,0
12982,1400034671,10
15208,0030635543,3
199501,7806318232,9
102322,3596216168,0
135265,0373245297,7
177458,1570425388,0
269719,0385335482,0
23872,0805037942,8
105517,0836218256,9
205999,0140276300,10
252713,0553349481,0
249894,1885223684,0
206675,0064400026,1
67515,0312980140,0
104636,0671644475,0
242073,0804115761,0
95848,3456819684,0
265299,0440226430,5
25636,0099233010,0
104636,0671885642,0
203240,0590447386,0
204167,0373706669,0
140879,2226061185,0
275850,0446602620,8
62968,0299185842,0
189835,0892837438,10
154070,0345334302,0
116400,055356983X,10
82164,0867211938,0
93047,0395628830,0
177073,0448410869,7
197427,8804409959,0
175886,0586209549,0
260897,0312274920,0
178920,0140266771,0
126015,1550139029,6
193863,0552145440,10
98391,0312987846,10
47975,0440221471,0
185448,0671656678,5
177021,0380789035,8
245428,0874778964,9
48057,0435906739,0
193966,0553575090,8
206567,0836246314,9
4285,0375502238,0
225761,8806142100,0
182085,0671019716,10
182517,342320317X,0
259260,0671782479,0
197775,0440402301,0
4896,9739507980,9
209685,157322216X,0
98758,0312262884,7
123095,0762709308,0
19484,0876305168,5
259260,0330284789,0
229921,0425182908,0
263460,0886777747,7
161480,2707303143,8
69790,0312317808,0
145861,0380714647,7
44297,0156027402,6
172061,0689817215,0
172742,0877014116,0
278418,0440117569,0
267282,0373227744,0
251140,0451160533,0
30385,0140620486,10
104812,0375727779,8
138198,0440150795,0
30642,0375703055,0
235498,043935806X,0
276498,0312951647,9
257204,0345302206,10
55892,0151008116,9
239808,0671034111,5
184871,3547719046,7
235282,0743418174,0
203968,0553578820,0
16854,0375700757,0
98391,0843952318,8
67250,0226424197,7
120565,0340721421,8
257204,0345362594,10
36554,0374250820,9
87275,3499147084,5
9138,0375726403,0
93047,0395745381,0
37567,0316781010,0
3373,0786889055,0
149690,0007140676,0
241268,8401242819,0
145451,0439136350,0
253590,0140860673,7
61427,0440412927,0
103528,0393307050,9
227447,0140274774,0
200643,0300093055,6
222826,0316848123,6
53200,0316899984,0
228311,0446327018,0
154926,0609600575,7
198302,1573227331,0
12538,0671871218,0
212898,0373120338,0
29117,8845915719,8
153662,037323998X,0
24624,0882709496,7
223566,0671024205,1
47316,0451411315,0
11676,1580050972,10
262940,0425184129,8
113519,1573222127,9
242106,0553572040,10
1409,0440208912,8
99955,0770429033,0
116123,0446527033,0
135367,3499151499,0
151806,0553261584,0
11676,8423903060,6
166813,0767908171,9
115904,0142001805,8
16488,0679429220,0
50225,0452280621,0
48046,0679429220,0
30533,0440225922,7
278188,0061030643,0
268032,044021145X,0
31551,1555611664,5
210485,0812532538,9
11676,0553252968,9
278418,0590568825,0
67136,0765342456,0
184891,068816112X,0
69697,0571136931,0
32721,2746705117,8
227250,0373272812,8
16634,0415922801,0
6575,0394178637,0
129074,0553273310,0
173415,0393319296,9
66680,0804105820,0
33517,0582296811,7
220240,0385490445,0
244420,0590431145,0
87555,0805063196,0
97754,0451180429,8
139359,0916397769,0
278418,0816737908,0
91203,1904132278,7
251801,3791519859,9
198711,0913367478,0
7528,0553269216,0
68555,1556612966,8
11676,0446515671,8
61619,0440202043,0
98391,0688174590,9
157247,0743404068,9
174615,0679781277,8
6153,1558743669,7
130554,0808549669,5
137968,0739435469,10
53220,0312978707,0
78783,1581822871,0
258152,1576105067,4
73394,0821766570,0
147451,0553575384,0
52614,042519521X,0
157273,0684196778,7
43118,849204683X,7
218121,0451518144,10
102359,0399144463,10
26883,1551432633,0
127762,1479400599,7
211304,0425177173,8
114868,0192842188,8
30511,0679761829,7
33319,0553246895,0
58898,0440186927,0
121119,0345334205,9
85962,0679731725,5
60244,1853261319,8
129358,0373652259,0
177458,0881663298,8
61378,0886778697,0
23768,1580173128,10
278418,0140502068,0
256407,0515116084,0
228021,0345337662,0
191875,0446608386,8
198711,037348352X,0
11676,3785708076,0
198711,044084696X,0
85757,0679850910,0
126395,0671867113,0
8936,0807576743,0
238613,0451203771,8
95193,875293700,0
212467,1878990810,0
261105,3499134438,0
172061,0060502266,0
189334,0891457453,10
170861,0786885416,0
149908,0099800403,0
198699,1551666944,0
17183,1573226122,6
265834,2253004464,0
143175,0671573926,7
217375,0385335490,0
51442,0893842680,0
196738,0553569570,7
101876,0399146253,9
12538,0671600427,0
106225,0671732641,0
154730,0803281951,0
20409,0380698714,0
100115,0425195899,0
36836,0316728950,0
224342,0446611867,1
201447,0876668767,0
223530,0590423789,0
103515,3855021937,6
259635,8422679876,0
244286,014131088X,9
188369,0062720465,10
155580,0375501525,0
113519,059063271X,0
261603,0517703386,6
245827,0394878655,0
261037,0718143728,10
265591,8476004702,0
251844,0006514952,10
29358,3442429552,5
27551,0553561448,0
62951,8445901672,8
27826,0312925581,8
38273,0590066560,10
44728,0743460529,0
100846,0679454446,0
114544,0307216233,0
78834,0064434222,10
36836,0385020570,0
247429,0451192931,0
164705,0563534222,9
84126,9034402401,7
124942,0515132640,0
178797,0345391829,6
278418,1571515496,0
24440,9726628172,8
16795,1551660571,8
4017,0375406530,10
234623,0373292953,0
204304,0451208811,8
232131,0061095540,0
146564,1573225789,0
218552,0060504072,0
243891,0375726403,5
232131,0449221555,0
241198,3893733701,0
137816,0679781498,9
165932,140130057X,0
96194,0446609323,8
170564,0380756285,0
93364,0609805584,10
59765,34667829791,10
161299,0553583611,8
29806,0515116475,0
47534,3407797907,0
263227,0330299301,0
220158,0373483902,0
154992,1565073711,0
276664,0582297087,0
261105,3423123125,0
166596,0922705127,0
105795,8401479436,8
11601,0385257171,0
68555,0821769278,6
36715,0671527924,0
168006,0452272971,9
257944,8817864218,0
135149,0821744488,0
212898,0451458761,0
11676,0802134807,0
184299,0316920541,0
223553,051512463X,5
225939,0345465083,10
200674,0446363669,0
36606,0449217183,0
28735,3100751051,8
180348,0843944048,0
87555,0399135243,0
44852,0060930535,5
42803,0345335651,0
81609,1551663015,0
23664,0140258795,10
135704,0553572490,10
93047,0060188057,0
58724,8478884955,8
156214,0385499035,7
243089,0345301110,0
38872,3442425956,6
70573,0345342968,7
171118,0471506613,0
225087,0425085295,5
188010,0373708300,0
183,100940/86,9
51404,3596147832,0
69933,0684831708,8
110160,0553057324,8
189334,0380789035,0
55183,0140113886,3
8681,1582970599,5
89093,0732264200,0
229551,0345391055,0
206959,0590406116,7
137688,0821766929,0
99064,0375502025,0
46258,0451451201,7
163821,0842329129,9
35908,0140377611,8
172847,0385267118,5
107951,3892712565,0
131402,0330236474,0
73261,0140293248,7
25292,0312975767,0
250510,0449217264,0
136348,0312288352,8
86202,0002256673,0
225232,0732266572,0
58258,0440211727,10
242299,0786707186,7
2552,3596156963,7
4970,0769613292,8
64346,0345247183,9
207952,0440235162,0
7454,044661050X,8
79266,0312979649,0
224138,0020332009,8
197717,0446404039,8
97623,9516434479,0
274061,0425129551,0
230496,0671020293,0
62208,0060976845,7
230336,3596259924,0
217328,0060256737,10
102076,8834705327,7
136560,8807812940,8
241513,0345409671,5
7283,0440234859,0
101513,0425152251,0
141109,0747546053,0
206567,0670857831,0
11676,0877014485,10
124506,0440213525,0
105517,0316284955,7
9029,8401499607,0
177660,2253004219,9
190807,0373169469,0
199724,0451171926,10
153662,082177140X,8
86033,0733612164,4
55779,0440214114,0
278418,1565970705,0
249031,8401462118,6
156706,007032140X,0
254865,1853261580,0
809,1590521994,0
181077,055210244X,9
239551,0552138401,0
267788,0307001067,0
153527,0553095161,0
252848,0373115865,0
242073,078530133X,0
257450,8086264157,0
218121,0380714752,8
382,202249337,0
198711,0394840771,0
238120,0684853035,0
212898,1561442933,0
275970,0312421478,0
179944,0394563492,0
75149,0805072772,0
7181,8434410990,0
164828,0449004244,7
36836,0486233308,0
121093,1573228281,5
196738,0312964943,6
245812,0820409472,9
224349,0385265840,0
110483,0399521542,0
18172,0498022366,7
182987,0795309902,0
176742,344244263X,0
59297,0060505885,7
13582,0451166892,0
53174,0451204891,0
42914,0345313860,0
145619,0446523321,0
12538,0553201344,0
4785,0345404475,0
121594,0440202485,0
154675,067189109X,0
203075,0553572997,0
30246,0684863014,0
121170,1573245577,8
224423,3828968538,8
262297,8401011892,0
181223,0671867318,0
60244,0345339711,0
116041,0440223601,5
178181,0151008477,0
72523,0821745778,0
129074,0060915358,8
256251,0394800818,0
274308,0671704354,0
75300,0552137030,9
10819,0553293362,8
242824,0898210976,0
249894,0671876627,9
121261,0961866349,7
257204,1565048628,0
217895,0446360732,0
236172,0425183491,0
61372,0330323407,5
229551,0373250479,0
112541,0205353118,0
123320,0060914653,10
24733,0316355151,6
259260,0375506039,0
66680,0140092323,5
174848,0671454927,0
55858,0671690094,0
83707,0870671901,0
172061,0441008658,10
204698,0440351839,7
243236,068803036X,9
224349,0736655220,0
264543,0195084438,9
232989,0679887563,0
41781,0553106651,7
135799,044022473X,10
229632,0449231046,5
56447,0806524057,0
162438,0066210232,0
95181,0684853523,8
130474,0316666343,0
117318,0670894184,6
112001,1568655878,10
62881,0804104999,0
93691,0394569814,0
102675,04497002766,8
39467,8420441708,7
243,0446612790,0
76499,0691029407,10
100578,0007128568,0
182527,0399142991,6
218241,0440212723,8
112001,0891096795,0
226638,0446527432,0
247391,8401485827,9
169699,0060391677,5
144925,0451526554,8
211152,0446679593,10
246513,0449702545,0
102275,0345366239,0
60858,0380441314,0
30511,0820311286,7
227447,0380804697,0
6251,0312112629,10
215677,0349112762,0
227276,074931981X,0
249048,0942637844,0
92979,1561731366,0
135768,0966914031,8
85872,0060392452,7
107784,0345365917,0
51883,093607731X,10
128325,0385512104,0
98391,0842386564,9
3346,0553262505,0
129358,0373096062,0
115120,0804106304,0
207293,0671039873,0
76352,0553157035,0
180802,0897211499,8
219525,0868246786,0
180586,0425126064,0
106388,0842342702,7
264082,0451206525,0
224236,0030632366,0
263637,1857329554,10
147451,0140067280,0
143792,0960439226,7
269677,0671751506,0
52002,0316666343,10
169722,0099410192,7
259363,0515132020,0
236283,0440217466,0
201684,0140386351,3
104429,0842319476,10
270820,0345384466,0
169492,0156658992,9
38556,0312979517,0
204522,0373484623,0
207967,0451202910,7
113568,0553249274,10
147847,0373196075,0
13273,0517294559,0
125240,0812566688,8
106936,0446364266,0
245655,038572179X,9
80203,0394572343,0
156150,0380018179,0
137966,3423126647,7
120440,0590477374,7
211345,848056217X,7
87746,0060929847,0
155147,0060961325,9
271844,0425161722,0
227705,0671670662,0
20462,0375725784,8
186446,0765302853,0
155495,0590440837,0
38703,0060915544,9
195694,0345321022,0
245790,9736838927,9
85656,0373078854,0
74908,0671746723,8
126783,0517189682,9
194600,0140254277,8
120600,096757711X,0
49109,0553110721,0
126736,0446359866,0
227447,1591090113,0
141441,0140113428,10
34752,0743457536,6
235105,0451124383,0
135351,0786887257,3
92547,0553240455,0
183061,0671035959,6
53241,0060987529,7
170742,0425183971,0
250645,037321720X,0
152514,0373707711,0
11676,4062551683,8
88693,0140430105,9
233693,8804476583,3
239788,0099436817,0
274056,0671021001,10
23902,3807701621,7
174791,0812551915,0
82068,8422669781,4
43246,0140293248,0
182085,0515103969,0
137956,2070403920,0
135902,0552102776,0
125031,0060936363,9
189334,0066209684,10
86189,080411868X,0
159868,0449215482,7
98297,9510199184,0
6148,3492238432,0
166596,1551665948,0
94004,0671002821,6
67034,038080719X,0
98391,0743410602,8
232945,0553292722,0
124645,0676971946,10
235935,0446364266,0
236727,0749317620,0
152458,9726116309,0
161348,0553577565,0
194358,3492231888,9
213919,0316309419,0
121606,0812517725,0
198699,0425176339,0
35532,0345320395,6
216057,068484267X,8
73196,0312243022,0
66431,3423202327,0
95741,0671882651,0
90192,0140361219,0
224764,0425182673,0
7898,0440213525,0
41698,3401047000,7
140822,3453177614,5
63714,074939658X,0
31315,0679459626,10
81682,067186923X,7
119282,0670844527,0
242824,0515102490,0
69721,0451167716,9
215225,3492229417,7
123883,0373484224,5
261685,0553292315,0
234721,0451457897,8
76942,0451163532,0
242824,0373872410,0
190925,080411997X,0
165806,0712680071,8
108336,006095339X,8
69355,1561565946,0
190708,0380001411,0
154070,0345307615,0
43920,0451205669,0
140036,0811802272,8
127429,0312194676,0
240144,0743301080,0
231210,0441569595,0
55734,0451458591,0
244349,1878422006,0
19085,0345282140,0
156106,0440500060,10
248547,0330309684,0
55892,155800470X,6
277478,0425150984,0
181666,0316942405,0
257625,0440330076,7
101851,3890646573,10
92979,0590455753,0
35185,0310228344,0
26883,3401015834,7
3363,0826212433,0
124876,006447108X,0
167455,1562452134,10
127429,0553153277,0
102967,0061099015,0
150896,0140177388,0
75491,0345436911,8
140069,0446603775,6
66680,0816619905,0
177458,0671319612,0
52350,287097017X,8
257028,0679008683,0
266226,0399239847,0
112408,0688065708,0
240131,1558177736,0
157916,009188473X,5
142523,0310224721,0
202398,8842807486,7
265313,0061020540,0
189835,0393952940,5
261829,0373190905,0
172030,1581690606,0
103541,0747546290,8
38556,0671001809,0
110029,0440863635,0
102967,0373250177,0
144555,0786817070,0
106225,0679720553,0
44842,0385490992,5
201926,0441790348,0
99992,038097617X,0
190925,0061080608,0
217106,0874711096,0
11601,0441478123,0
52228,0349116644,7
100115,0778320375,0
264082,0380765349,0
127429,0590374869,0
95359,0062545035,0
212628,0451128370,0
16634,0345404769,0
80826,1578631351,6
185384,1930009062,10
266840,0886774268,5
56959,0312274920,0
155057,2070419444,9
127233,1576731235,0
153115,0671791583,9
212898,0671567705,0
25636,0747257167,0
11676,0515132268,9
174752,14730022,0
163759,0373078048,4
149909,0505522209,0
52614,0373121466,0
111578,0865732795,0
137591,0802403557,0
255846,0749923628,0
30569,0743457269,0
165295,081255731X,6
98391,0441009336,9
131459,8401014956,5
37798,0941483444,0
134483,0374522804,0
188374,0140067469,7
35857,044651697X,0
148966,0373246129,6
259625,0439113474,0
259125,0345425707,6
196709,0131444867,0
242006,0821771043,0
72992,2264018917,8
30462,0375705856,0
63938,0345458923,0
224349,0316158720,0
249791,0671487795,8
242106,0307001067,0
176180,8526211978,0
273347,0849937523,0
177432,0441094996,7
212054,0140282696,10
237074,3453213599,9
116630,0440225701,0
48213,0385315279,8
229551,0205349978,7
177277,1559703784,0
232131,0689822901,0
112227,0586066659,0
140036,0451171357,0
96475,0373029586,0
238557,0515128007,0
196443,0786887176,5
170073,0345455576,0
252726,0812564367,0
8681,0425183270,8
16795,0061051721,8
205473,0439443857,0
219546,0671786024,0
149069,0786238488,0
30533,0515095826,0
263383,051513399X,0
194229,0743463838,8
76626,0340353317,5
195049,0743403614,0
74413,0670892475,0
113334,156512345X,8
235921,051511264X,0
201923,0345438329,0
61147,0571166849,0
96054,0553257692,0
9856,0380753022,0
230522,0961908823,0
53174,0671003755,0
146348,0671749013,10
28523,0529064634,0
48025,0061084905,7
11676,0812507452,9
116301,1559029838,0
87595,843392057X,0
173881,078688147X,0
35859,0373119976,0
70606,0743207033,9
98391,0312242670,8
66055,0671008978,0
254,0575061596,0
201017,0679883428,8
93698,0517084791,7
183284,1573227978,9
100846,0380009145,7
190492,0451185501,7
99946,0385491336,4
183995,0446315060,5
8681,0876308000,0
55493,0399145079,0
32195,1551664348,0
102702,0743411544,0
60244,B00005LD7A,0
170634,0439104661,0
136560,8879720465,0
106816,0345419014,0
135074,0945582730,5
78834,0440236053,0
159033,0380807343,0
182085,0609804138,0
49144,843392060X,5
273507,0865472807,7
61619,067942525X,0
208099,0394570103,0
135176,0440295858,0
238781,0849911788,0
16795,0452282829,0
270353,0140271287,0
135398,0192823817,0
257028,0967547725,9
210685,0671568175,8
227447,0553482637,0
167349,0515131091,0
32440,0140018328,8
3821,0060930535,7
170229,0452274427,0
129563,038072734X,10
221445,0440204194,0
183367,0743458168,0
267621,0804105820,7
127673,1559705175,0
89551,0312321201,0
227447,0307617955,0
215136,0451404114,0
126911,081257639X,0
179730,0140296530,0
269566,0440202515,0
234721,0553575627,8
174092,1856275795,6
260944,0316154067,8
95991,0380755475,6
37950,0553280341,8
82831,0515099511,0
67840,0385720653,8
11629,0671793896,0
53300,0373163789,0
235842,0307116034,0
67354,0380715309,10
122938,0864426275,6
50225,0380708213,0
181176,0399147365,0
161870,068481465X,5
190789,0849915082,5
246655,1551669234,0
238781,044020254X,0
44824,0394854918,9
144455,0679419462,10
35857,0449002985,0
95903,0671793152,0
26371,0399131213,9
175886,0340279303,0
173632,3596206391,0
72352,0373226039,6
208555,0140328726,9
643,2253046922,8
117877,0965075357,0
98026,0971880107,0
89870,003089896X,0
35857,0671673688,0
48975,0142000205,9
259542,0553580078,0
11393,34492270166,0
260419,0451526562,8
206967,0394569962,0
68846,0064406423,0
128208,0553295349,0
78783,0684835983,0
254465,0843945656,0
234623,0440225450,0
138441,0505523418,0
127233,0385417020,0
70864,0393314804,9
237299,1853262684,0
101882,0060976330,0
176459,0060928336,0
141511,0441000312,6
252676,0821720910,6
44702,0793800943,0
43163,1566404398,0
8027,014029628X,9
175092,0064403823,9
155147,0446605891,0
100906,0385482493,0
91001,0349113602,0
98886,055326866X,0
117210,0140444254,0
35857,0373241828,0
238120,0525947671,0
30711,0330363670,0
49124,0007181515,0
182085,0745931723,0
126812,0743424425,0
112026,0671695304,0
131402,034077035X,0
197659,051734582X,8
146348,1555832164,0
27647,074993266X,6
87900,044023722X,7
251450,8887291667,0
84872,0895295296,5
151790,0451138945,0
184532,0375504397,10
159031,0875965512,5
172061,0380016362,9
172030,0373056214,0
78761,3825215040,0
262634,0440840104,0
27169,0821756591,8
51883,0843922893,0
221723,1550540866,5
126170,0843949120,8
198711,0446601241,0
142454,3785720157,0
224349,0140266445,7
35859,0004722124,10
162639,0515133639,0
31874,0399146113,9
56856,061832965X,0
83288,0765304368,0
98346,0688046606,0
243700,0192815989,7
236172,0843952016,0
222110,0373218036,0
238545,0553562592,0
187517,0440202558,0
264543,0375707972,0
172030,0373760795,0
11676,0061030430,0
40889,0156006529,0
219683,0671039733,9
80642,0843950471,0
163349,0316602906,8
131402,0373162014,0
208570,0440212561,7
105028,0140276904,8
25601,1585422762,6
236655,1551664313,0
48911,0964149605,10
198711,0425132048,0
46297,0812911482,8
202404,203671/03,5
13268,0373052987,0
80357,1576738167,8
212898,0590503898,0
224226,0446358584,0
204864,0060987103,0
107099,067976657X,7
147451,0670031976,0
91576,0671788892,0
32773,0671524313,9
71568,0373790899,0
15076,0399141065,4
218608,1559720255,0
116428,0743463935,0
14958,8401496071,6
75591,0684801221,10
182746,0312965060,0
218721,0936085347,7
211610,2738107915,9
185233,0671663127,0
190708,0061095540,8
94421,0864422652,9
204864,0060923245,0
256167,0590432788,0
115589,3453088255,0
200408,2020247437,0
71712,0812541642,0
52584,0201632888,6
239584,1582343047,8
234828,0831794704,7
153570,3423083328,8
44728,0553581023,0
141902,0689864817,5
174827,0684873877,0
11676,0679725768,0
16795,0373264496,0
269321,0553581023,8
228021,1563890410,10
40992,0330332775,9
156150,0449207668,0
113519,0679456759,0
79186,0425186709,0
93245,0345433491,7
124348,2264012587,0
166123,0441002935,10
167471,0671523007,0
30735,0345387651,5
126296,0345413377,8
210761,0679744479,8
47971,0929387619,7
111847,0688064345,10
253563,0446603023,0
258553,0449127656,7
68760,0671027743,6
228764,0060543132,0
233256,0452258901,0
11601,0140077715,0
273110,0345339703,0
10447,0931948932,0
98391,0786253452,10
228998,0671820443,0
102967,0425158632,0
83496,0060594330,0
195971,0446525774,0
251613,0515090395,0
198621,0425126064,0
181076,0140126880,0
227520,0312966970,7
40559,0380978415,0
3363,0590947168,0
94396,0446606189,0
66680,0684803968,6
266865,0553211161,0
184299,0440227011,0
192176,0515131210,0
125878,0451526295,0
26583,0871968460,0
263163,0446310786,0
30887,0440414806,9
245963,0517524023,0
139323,0440202043,8
243585,0373227027,0
6772,0099800403,7
219546,0671745085,0
259974,325010308X,0
56447,0449003132,0
251843,0316602051,8
148695,0060298480,0
178667,1586215981,0
234623,0812531035,0
69933,0671472127,9
125736,01403798501,0
76019,0345436911,0
188370,0849916739,10
12538,0671648772,0
35857,0743478967,0
90617,0349117004,9
210871,0805201025,0
130474,0451401905,0
216444,0671741209,0
37950,042510107X,0
86189,0440223202,6
78448,0425136191,8
134705,0151008116,10
138844,0373224036,0
228764,0380808307,0
27649,0385297661,0
248540,0863223060,0
160819,0449002896,0
78673,0590920685,10
241198,351839696X,6
205765,1573222259,10
26544,0140443487,0
224768,1561381543,0
171078,0425185710,0
232625,0425166287,8
91943,0886777941,0
143683,0374480133,9
204748,0449223612,0
199416,0679435328,8
262311,0571150454,0
259629,0345384466,10
21014,0345439104,0
229501,846630679X,8
90653,1558743669,0
69697,0060517611,0
199772,0553295918,0
78973,0425125467,7
259408,0446612847,8
201017,0425142868,0
245827,0688091229,0
40943,0440984831,0
52584,0061098280,0
78983,0590448048,7
262467,043912042X,10
107773,8807817772,9
123805,488471615,0
94923,0743456823,0
179733,1589230744,0
30711,0060977493,0
106197,0671568027,8
98510,0887621430,0
171638,0446611808,0
52614,0373791062,0
105979,0553251996,0
170575,155166822X,0
31030,3746611091,0
26544,0395860016,0
105979,019283357X,0
115120,0451179188,0
130571,0060169281,0
61619,0064400557,0
115435,0679731377,7
264321,0380814803,4
141309,0771014899,0
269566,0440413281,0
82006,0515118656,0
157886,0312150601,7
231081,0946621438,8
234828,0440176387,0
58497,0671011367,7
216019,0679444815,0
251140,0449911004,0
62688,074348715X,0
2087,0345417623,0
25395,0553104489,0
175003,0743457943,0
171118,0896082210,0
143253,0670834513,7
93363,0877845603,9
21014,0688177859,0
6251,0345433017,0
244994,0451169530,0
55187,0300044194,10
275970,0452284449,0
182183,0140316728,10
254465,0380871556,0
102705,039914112X,0
245925,0553293915,0
91342,0451193342,0
182527,0553277464,7
27813,0515135739,8
229011,0451404866,8
238186,155828494X,0
100822,0312959974,0
123430,0385484518,0
17926,0394840933,0
190925,0931454999,0
225232,0340493534,7
259158,0446608955,8
212898,0590460277,0
25533,0552141747,0
23680,0375700757,0
38626,0425058301,0
69076,842542092X,10
1211,0671619055,0
235105,0345327454,7
245963,0966541901,0
198711,0440210178,0
170229,0413142604,0
163433,0812507738,0
218121,0316666343,3
202711,0812544447,0
189666,0060086246,0
250444,0590880306,7
19286,0552150738,0
266866,1858300126,6
137688,0345439112,8
13093,8420646113,0
32195,0373710143,0
62716,0380423901,0
126432,0684819066,6
153662,0380814021,0
229329,2221000005,6
249140,0007178484,7
76626,0330301624,0
98391,1892065665,10
161102,0671749218,9
135149,0373076703,0
177374,0671644475,0
212775,0312195516,5
112412,1878067745,10
35857,0399147128,0
197775,0552134619,0
170575,0515126772,0
258160,0449213757,0
109955,042518191X,0
29259,068812707X,0
212758,0552998486,9
126395,1572931078,0
265701,1741100593,3
252695,0373227124,0
149907,0312408463,0
243360,0816617805,0
183532,1879371588,8
175493,3404129423,0
183753,0099727013,0
179733,0451410947,0
145694,3548840051,0
178405,2253152080,8
232131,1852307587,0
207499,039914465X,0
78783,0061099708,0
161873,0373245645,7
233747,0751347051,9
243876,3774231966,8
11638,0965036022,0
255943,0140432280,8
30261,0060938455,0
228998,0440225043,0
145449,0440224055,7
16634,0395329361,10
22134,8422625350,8
274111,0553231820,0
65339,3858423718,0
245864,0440213525,0
93629,0446606324,0
76352,067178157X,0
113745,0515131229,10
70238,3442352436,0
150124,0345339967,0
57295,3802515056,6
220278,0373153279,0
278418,0590484613,0
196018,0679742433,0
34032,0679781587,7
259930,1402200544,10
32195,0743407075,0
248496,0440189438,8
145657,0440215900,9
47118,0880380225,0
227447,0312976836,0
8292,0679742115,0
7346,0553241346,0
252071,0380781913,0
246655,0449218473,0
167243,9510278645,10
92152,0345439104,8
122429,0385029039,3
69355,0668017627,0
31556,0380788632,0
79916,0590226533,8
166596,0385720688,0
220688,0060976845,0
249407,0451459156,0
106086,0590252445,0
62895,0890763199,0
95741,0307123324,5
135473,0373225342,0
143715,0151001812,6
11676,1573225797,0
264501,3570200051,0
176887,0425193500,6
247211,0099456761,0
30426,0965574911,8
56959,055310473X,0
86969,0553584510,0
173835,0374292876,0
201526,0553291025,0
21684,037371128X,8
177040,0345419979,0
110912,0449002640,0
268143,0452279178,8
92861,0771037201,0
185752,0684867400,8
132663,044922175X,0
185677,0553106651,6
229434,3596247500,0
42725,1844030016,0
230220,0140193529,10
95923,0395669588,0
212832,014031752,0
151613,0425147762,0
114414,0449227847,0
31226,0140245324,0
24921,0553154222,0
212898,039913676X,0
265095,0671510053,9
153662,082176053X,7
230522,0385499345,0
135149,0061040444,0
70594,0771026692,0
120093,1556524919,0
3462,0864427433,8
113817,0767902041,0
233889,0439064872,0
39281,0312289723,0
213826,0345338588,0
242143,0451176812,0
202032,0061000175,0
225986,0373592302,0
44588,0345354613,6
55492,0671027123,0
98547,0609607235,0
69042,0316107506,0
62891,067944999X,9
262399,0786808012,0
229807,9500418851,0
123883,0373218400,5
203820,8420743550,7
203017,0671732498,0
171118,0345419693,0
112914,1557041164,0
115490,0394820371,0
203968,0818404728,0
87257,0394528360,0
119282,0842329218,0
97473,18569765924,8
25601,0140159940,0
68249,0395312868,0
207246,0812043642,0
102532,8440672055,0
80105,044021145X,0
263054,0451162846,0
149069,0671674366,10
6703,8472917401,0
138844,0002220776,0
115490,0140620125,0
227447,0373224184,0
141901,0316781266,6
235105,039330762X,10
55900,8387021873,0
153662,0590443321,0
212898,0872860744,0
38899,0440213525,7
50504,0345450728,0
126296,0552998486,0
11676,0440418518,0
60707,0786710306,7
16795,0525945121,0
206675,185326153X,0
98297,5050021936,0
29855,0440191238,0
183909,0140449329,0
189666,0553280341,0
217211,067174559X,0
16795,0375703861,0
263163,059035342X,0
88879,0380898349,10
76499,0064405842,10
159020,0345357787,0
275970,0807282324,0
201447,0786889624,0
59912,0440225701,0
259259,0060393297,10
260196,0385239475,8
149198,0618129030,9
88283,3518188216,9
138844,0373169221,0
176668,0515128015,10
48494,0451174755,0
272897,0590453688,0
251352,0446527033,6
68753,8804522224,0
26544,0373169426,0
174216,0385323298,0
190708,0590332961,0
263500,0553578693,0
43920,0451167309,4
69232,0345362721,0
53229,0670030260,0
26544,0440204127,0
110973,0881501581,0
108914,0380715309,0
199064,0452270642,0
3363,0141439564,0
59727,0446603716,0
160434,0679436073,0
234623,0590470027,0
167156,042513525X,10
239584,0020093616,0
69697,0142001740,0
70222,0394740181,0
212898,0553585835,0
171003,0739434446,0
269890,0425161242,0
199086,9189380231,0
198711,0440114284,0
259930,0385512104,10
25981,0451142934,0
155743,0743464893,6
124489,0440109930,0
102967,0440111889,0
175886,0263758222,0
177072,0373222513,0
113475,0394900510,0
100459,0375703063,0
151799,0875482392,0
252642,2760408752,0
67930,0440173922595,0
71227,0811213668,0
137515,0399142363,0
110029,0263754812,0
254206,0671653741,10
88620,1555835740,0
226006,0441009239,0
36003,0440226430,7
113519,0140374248,0
145165,061328125X,0
274325,0451178025,0
265591,8484032108,0
184365,0440918642,9
98391,034540565X,8
174216,0394711262,0
6575,0375422412,7
30445,0340104317,8
114143,0451167716,0
203742,067976402X,9
250645,0399148337,0
64003,0891076182,6
85701,0345380371,5
113266,0434007838,0
215421,0345465083,9
206979,0340597704,0
25533,1903047021,0
131402,0935696938,0
211353,1888306149,5
125039,0140172327,0
160196,1568840241,9
234359,0505523752,5
230115,0812550943,0
190658,8878192252,0
16798,0312265859,10
196077,0553566555,0
162155,0345412966,0
106417,0446672211,0
212898,044970100X,0
73681,0451186362,9
98391,1551669250,8
13552,0446516554,7
19695,0553142070,0
278418,067157860X,0
88733,0688178928,0
95010,0553254340,0
245827,0769602401,0
6389,O553375067,8
101515,3426029553,0
126053,0671531433,0
11601,0553275852,0
251613,0882077198,0
101521,0670887269,0
225763,0062502174,9
173711,0835604306,8
70601,091938157X,9
123981,0609603264,0
211929,9722511971,9
3757,847454033X,7
230522,0440226708,0
204864,0312975228,0
66789,0312263120,4
3840,0553581430,9
30276,0684815451,0
183995,1856978087,10
250764,0671658301,0
119859,2207500756,0
181212,0449002985,0
217595,8497642902,0
166327,0345273842,0
102967,0553569570,0
205487,0743410602,0
215006,0915811332,0
139183,0684832801,0
177737,067976402X,8
123981,0911954023,0
230522,0553275976,7
189973,0345326350,0
209458,055321313X,0
87777,849618014X,0
217701,9783257701388,0
230496,0345314433,0
164110,0380804433,0
218608,0670894184,0
191187,0553089447,0
104665,006251377X,0
144555,0441110444,0
70594,1592400876,8
210822,0842329137,0
35407,3596200016,0
90198,1853260150,8
143964,1562824090,6
196856,0553266950,0
274383,ISBN088730431,10
175576,0446525502,6
75860,0373093217,0
51475,1571740252,10
98391,1583141928,9
52584,0671780387,0
93314,0688169724,3
118688,3548363237,0
254899,0449223612,0
83314,3492232299,7
49422,0553803328,7
242824,0786010576,0
269890,0312105134,0
48025,0446324191,8
198711,0553102869,0
197550,0743411765,0
189985,0373226373,5
129690,0553279726,10
248718,0517489341,9
2033,0688149790,8
166824,0064400972,10
35818,0590422359,10
11676,0812972236,7
137452,0156006332,0
150124,0929384032,0
227447,037376474X,0
92979,0679446486,0
32773,1579123171,0
101731,0395977894,0
80683,0345378490,0
209062,0449005615,8
195572,1568581238,0
243651,0373243790,0
259625,0439188814,0
153513,0786886307,0
163202,0575050225,0
234828,0345336615,10
248496,0821749528,9
238057,0684810549,6
145451,0425137457,0
111924,0399142991,6
88283,0671534718,0
86741,0307203115,10
153563,1890768146,0
7569,0553573489,0
181436,0201889544,9
204864,0399148361,0
234623,0061094471,0
185384,0373872178,0
54511,0385334389,7
269397,0752853694,0
202173,3257209487,0
2655,8806164104,7
278418,0307115399,0
235935,0373033966,0
270945,3480205739,0
29795,0671462970,0
256892,0812511816,8
155916,1852533137,0
114368,0373790058,0
187754,270731174X,8
131975,0440212561,0
189516,1558744150,0
204864,0679742573,0
11676,0061000043,9
274175,2253033723,7
234281,2010168976,7
240710,015100417X,0
88369,0684195976,0
177195,0140378278,7
201548,3453870859,0
19711,0671628933,0
127678,0671578286,9
11676,1854105981,7
4385,0373169760,10
100852,8432210730,9
261291,0671020366,4
105116,3426612704,2
212898,0553567942,0
204864,0451171632,0
88793,0316909688,10
81298,0345370775,0
98741,0743435656,0
102967,0451187903,0
155173,0316693200,0
268932,0590494457,5
69355,0395311292,0
145992,0312924607,5
198711,0590251635,0
264321,0812576438,0
22625,0590481371,10
81597,0684810387,8
261956,0671042858,0
14897,055321005X,0
125863,0380820293,0
51883,0373227515,0
198711,0671690590,0
138097,1558747109,0
163973,034540498X,8
92807,0451186362,5
2276,0671019813,0
231210,0671554611,0
162639,0689868278,7
259057,8466301402,0
133981,0439136369,10
225087,039441053X,0
275970,0963136216,0
138844,0446363251,0
102220,0440236673,7
16795,0671004271,0
272407,0671867113,0
153662,0515133973,10
249305,0195125568,8
153032,0373290578,8
120093,0553582755,0
60244,0140179518,10
210276,0440224772,0
109461,0380015390,4
43021,0761521763,8
187410,0679722661,0
213350,0679407790,0
141774,8493329630,9
90198,0425143066,0
183046,0676972853,7
33145,2841564339,7
54876,0312978383,0
124874,0380728133,7
11601,067172018X,0
231210,0451521013,0
11676,1558760695,0
155802,3442098629,0
38464,0752844296,7
31386,0787946419,0
204065,0140167064,0
242824,0743465067,0
202706,0060263857,10
226616,0553095153,8
271705,1853260436,9
193798,1565843436,0
227276,0140175962,7
31584,0006267904,0
179751,0330485423,0
259057,8420457868,0
86145,0449147185,0
225087,0425077055,0
6242,0156006391,5
91751,0385497466,6
142454,3777002968,0
170229,0486277984,0
99955,0812590244,0
198012,067162508X,5
114885,0553275976,7
206715,0061043893,5
226545,0380796090,0
66619,880448059X,10
62417,0451208765,0
27617,0393035921,0
225686,0971880107,0
4571,0143003011,6
73394,0786015608,0
175287,0679883428,8
276647,0553571001,0
252655,3499221896,0
51094,0061092045,0
81136,0451156609,7
203746,0316899992,0
198711,0590025996,0
271538,0060186534,0
243311,0553213148,0
127826,0449006417,0
213316,0340335017,9
49637,0062501860,8
119833,9027440204,0
139747,0804113882,0
238186,0201504804,0
223154,015602943X,0
51082,0812924746,0
248259,0553560441,0
164675,0140177507,0
36554,068480039X,0
17051,0871357372,5
130474,0553287796,0
40559,1565124294,0
26544,0688130984,0
70639,0140108319,9
53174,0307101819,10
104578,0446353930,0
180707,0571175465,0
230699,1573247022,0
136136,0345447859,0
214272,0316966207,0
201290,0871132109,0
124310,0312957734,7
138995,039515023X,0
29855,038547024X,0
11676,0140433627,0
135149,0373287623,0
277378,0804109729,0
24186,0312862202,0
132934,0425180638,9
49109,0451170113,0
26583,0060246993,0
266824,3411082615,4
59912,0345386825,7
62891,0671727796,0
76352,1558175059,0
198699,155166030X,0
180586,0553269283,0
203742,0380798581,8
165838,0375724842,0
99312,0310755301,0
260897,0425161722,0
7105,223944765,5
232131,0440220602,0
19019,0684809001,5
28523,1558672125,0
265313,1566199190,0
198011,0451166892,8
39773,0609803638,0
131855,0330315838,0
53241,0871135205,0
190925,0373258844,0
184299,0345302583,0
252071,0380776847,0
197659,0842343083,9
166596,0515115649,0
225810,0345453409,0
98647,0142001805,0
198711,0307100472,0
56554,0373250193,8
18384,9504910599,5
175145,0446354678,0
108285,0525946500,0
15049,0811202208,5
174304,0553246259,7
105517,0517580497,0
211430,0151002630,0
216012,1583143548,7
90159,8481302155,0
245740,0830816550,8
274061,0671042858,10
115234,0812505182,0
202182,0064407454,9
155444,051512317X,0
20115,0324025424,0
254,0373707711,0
148744,0140270590,0
244493,0671040553,0
11676,0446601853,10
56360,3442351243,0
111847,0786868716,0
172512,0440130999,0
55710,0156027453,0
11601,0875964818,0
171594,006015957X,0
131675,9021032112,0
14638,0671632663,0
120093,039913414X,8
99261,0399140506,9
96819,0002254131,8
235498,0740723367,10
56447,0060928336,8
111288,0765194252,8
238781,0821744291,0
187762,0425165582,10
205735,0671888587,0
213350,0486227383,0
146803,0553286005,8
269728,0006166415,0
25409,0911541209,0
159429,8804457538,7
275970,0767908171,0
254899,1566040477,8
142276,0330370057,6
20149,0449912051,0
129074,0553575384,0
255218,0399134999,0
236283,038070384X,8
69697,0553576925,0
115120,0373191596,0
31846,0316359556,0
113564,2070368696,8
86189,0679744681,0
2276,0671622358,7
184618,0802135986,9
38802,1569710708,0
182993,0060546875,0
166596,0451174410,0
209385,037543092X,8
258690,0786906162,0
216781,0446672211,7
101731,0380978415,8
85872,0747551367,0
11676,0425151867,0
112001,0425167313,0
218116,0451191153,0
157655,034530618X,0
181176,0786012676,0
250751,0452283868,9
53220,0446607711,7
153662,0451184718,0
204467,0515123447,10
240144,0425166171,0
187145,1576738264,0
59971,0312924585,0
176875,0312867034,0
47605,0515093203,8
196985,034540615X,0
114893,0413486109,10
68555,0064400018,0
184513,0345445856,8
76352,0380756889,0
220867,0704349264,0
117577,0767916026,10
175886,0330280635,0
20688,8423987833,0
245963,0393096874,0
232131,042515999X,0
69971,0819311626,0
6318,0590598856,0
108950,0345386108,0
111578,0345451821,0
187256,0380711524,8
165308,0671577212,0
204864,1400032008,0
226745,0806997613,0
16795,0803600747,9
11676,0609601032,7
86641,0812522397,5
197659,0553249002,7
268195,0771067550,0
49144,8422671360,5
21364,080411868X,0
75081,1878424424,10
73394,0553584375,0
182085,0515130923,9
75107,9067661236,0
172888,2908957515,0
267635,0440211921,6
248718,0471387916,9
231891,3423202947,9
147847,0446353930,0
14521,0440154472,0
211288,088411936X,0
45418,0385421982,6
262470,0590408844,10
224435,0553578693,0
237727,0670811882,0
187754,2868693342,0
115003,076790351X,0
193428,0025196359,0
13600,0340750626,0
35859,0440223237,0
170137,0440495962,9
123257,0671534734,5
214464,8887592357,0
198711,0590469355,0
75701,0451170725,8
19238,0899198589,4
107456,0345257162,0
85433,3551722587,8
264321,0671034057,0
121170,0743431030,0
56797,0879520388,9
227025,0066211611,0
9856,0671726498,8
3371,0943233941,0
150546,6451601929,0
126726,0440212316,0
263852,0425042731,5
269566,1562825232,0
177432,0441646611,6
91832,0140177396,0
175003,0553244086,0
240375,0099268086,5
198711,0671537512,0
177090,0812544420,6
198711,0696006901,0
127233,0821749978,0
230402,0345351525,0
208410,0563214546,0
104665,0439049962,0
207385,0061056480,4
30746,0373710992,0
163897,0743439740,0
125538,0743464842,0
138822,0312978340,0
210792,0880382651,0
226545,0505524805,0
91832,0375500340,0
198711,044020786X,0
141493,1573226823,0
251580,068486875X,8
11601,067151914X,0
161200,0515136549,0
182506,0440193613,0
32195,0821734466,0
39281,0399137912,0
86947,0395140145,10
118135,0747516855,7
151605,0395277698,8
201908,068815333X,0
41088,0451408462,10
110029,0263790606,0
254377,0425196992,7
211919,0883961830,7
15670,0394567846,8
71514,0553271091,0
120548,8432230294,0
122793,0676974805,9
119643,0646419943,10
251613,0312131178,0
198711,0553276697,0
167471,0440206154,0
185176,0971880107,0
31226,0770422632,0
107514,0679904263,10
97874,1552440451,9
231294,3492238696,8
128331,0679746048,7
206300,014043030X,0
255218,0684836270,0
208147,0451182790,0
52350,0316358436,9
35859,0786014911,0
123625,0044407726,8
2033,0030020786,7
21397,006050918X,0
116669,0708840345,8
34521,345305136X,7
124874,0671027360,0
232945,0380804670,7
80555,1572972432,4
185233,1558321055,0
266570,9783548232089,3
213628,1899749357,9
